,AREA,AREA_TITLE,AREA_TYPE,PRIM_STATE,NAICS,NAICS_TITLE,I_GROUP,OWN_CODE,OCC_CODE,OCC_TITLE,O_GROUP,TOT_EMP,EMP_PRSE,JOBS_1000,LOC_QUOTIENT,PCT_TOTAL,PCT_RPT,H_MEAN,A_MEAN,MEAN_PRSE,H_PCT10,H_PCT25,H_MEDIAN,H_PCT75,H_PCT90,A_PCT10,A_PCT25,A_MEDIAN,A_PCT75,A_PCT90,ANNUAL,HOURLY
544,1,Alabama,2,AL,0,Cross-industry,cross-industry,1235,15-2051,Data Scientists,detailed,0,0,0,0,0,0,44.03,91570,4.3,25.12,31.77,41.29,53,66.56,52260,66080,85870,110240,138450,0,0
545,2,Alaska,2,AK,0,Cross-industry,cross-industry,1235,15-2051,Data Scientists,detailed,150,12,0.483,0.45,0,0,49.91,103810,2.8,29.87,35.93,48.09,62.91,77.07,62130,74740,100040,130860,160310,0,0
546,4,Arizona,2,AZ,0,Cross-industry,cross-industry,1235,15-2051,Data Scientists,detailed,2860,18,0.944,0.87,0,0,50.11,104220,5.2,29.79,37.61,49.41,60.9,75.67,61970,78220,102770,126670,157390,0,0
547,6,California,2,CA,0,Cross-industry,cross-industry,1235,15-2051,Data Scientists,detailed,29420,2.7,1.668,1.55,0,0,70.86,147390,1.4,30.73,40.87,60.97,82.16,110.95,63920,85010,126810,170890,230780,0,0
548,8,Colorado,2,CO,0,Cross-industry,cross-industry,1235,15-2051,Data Scientists,detailed,3540,8.3,1.278,1.18,0,0,56.04,116560,1.7,29.88,38.16,49.62,64.9,79.78,62140,79370,103200,134990,165930,0,0
549,9,Connecticut,2,CT,0,Cross-industry,cross-industry,1235,15-2051,Data Scientists,detailed,950,6.6,0.58,0.54,0,0,52.99,110220,2.6,25.15,36.03,50.82,64.34,80.66,52310,74940,105700,133820,167760,0,0
550,10,Delaware,2,DE,0,Cross-industry,cross-industry,1235,15-2051,Data Scientists,detailed,480,24.3,1.047,0.97,0,0,64.1,133320,2.9,45.45,51.09,63.61,80.65,81.95,94530,106260,132300,167760,170450,0,0
551,11,District of Columbia,2,DC,0,Cross-industry,cross-industry,1235,15-2051,Data Scientists,detailed,3200,17.9,4.638,4.3,0,0,52.98,110190,8,27.95,40.55,46.95,62.7,85.76,58130,84340,97660,130410,178370,0,0
552,12,Florida,2,FL,0,Cross-industry,cross-industry,1235,15-2051,Data Scientists,detailed,8190,4.9,0.889,0.82,0,0,48.45,100780,1.7,25.43,33.74,48.33,61.45,67.15,52900,70170,100520,127810,139670,0,0
553,13,Georgia,2,GA,0,Cross-industry,cross-industry,1235,15-2051,Data Scientists,detailed,5650,5.5,1.225,1.14,0,0,51.16,106400,2.9,29.43,37.18,48.27,63.22,76.98,61210,77330,100400,131490,160110,0,0
554,15,Hawaii,2,HI,0,Cross-industry,cross-industry,1235,15-2051,Data Scientists,detailed,90,17.6,0.155,0.14,0,0,49.75,103470,6.3,19.64,30.28,54.01,59.48,76.04,40860,62990,112330,123720,158170,0,0
555,16,Idaho,2,ID,0,Cross-industry,cross-industry,1235,15-2051,Data Scientists,detailed,250,22.9,0.311,0.29,0,0,45.92,95520,3.2,30.21,36.06,46.39,55.91,61.07,62830,75000,96490,116280,127020,0,0
556,17,Illinois,2,IL,0,Cross-industry,cross-industry,1235,15-2051,Data Scientists,detailed,6350,5.3,1.079,1,0,0,52.82,109870,1.1,28.36,38.17,49.87,63.66,80.65,58980,79400,103730,132410,167760,0,0
557,18,Indiana,2,IN,0,Cross-industry,cross-industry,1235,15-2051,Data Scientists,detailed,2200,7.3,0.712,0.66,0,0,37.93,78890,3.3,21.95,27.46,36.52,46.85,53.92,45650,57120,75970,97450,112150,0,0
558,19,Iowa,2,IA,0,Cross-industry,cross-industry,1235,15-2051,Data Scientists,detailed,1970,2.3,1.299,1.2,0,0,45.28,94190,1.2,24.51,33,45.61,53.28,64.44,50980,68650,94860,110820,134040,0,0
559,20,Kansas,2,KS,0,Cross-industry,cross-industry,1235,15-2051,Data Scientists,detailed,430,32,0.309,0.29,0,0,45.63,94920,7.6,39.01,42.72,42.72,46.76,59.99,81140,88860,88860,97260,124780,0,0
560,21,Kentucky,2,KY,0,Cross-industry,cross-industry,1235,15-2051,Data Scientists,detailed,0,0,0,0,0,0,41.57,86470,3.8,25.43,33.18,39.42,48,60.67,52890,69010,81990,99830,126190,0,0
561,22,Louisiana,2,LA,0,Cross-industry,cross-industry,1235,15-2051,Data Scientists,detailed,580,10,0.313,0.29,0,0,34.48,71710,3.4,25,29.57,31.45,38.51,43.59,52010,61510,65410,80090,90660,0,0
562,23,Maine,2,ME,0,Cross-industry,cross-industry,1235,15-2051,Data Scientists,detailed,800,9.2,1.311,1.21,0,0,48.6,101080,4.9,30.84,35.75,46.01,63.07,66.8,64140,74360,95700,131190,138940,0,0
563,24,Maryland,2,MD,0,Cross-industry,cross-industry,1235,15-2051,Data Scientists,detailed,2010,13.3,0.76,0.7,0,0,57.19,118960,3,32.62,42.09,56.6,70.67,80.26,67860,87560,117730,147000,166940,0,0
564,25,Massachusetts,2,MA,0,Cross-industry,cross-industry,1235,15-2051,Data Scientists,detailed,0,0,0,0,0,0,57.86,120340,4.5,34.24,39.63,51,66.39,84.74,71220,82430,106070,138080,176260,0,0
565,26,Michigan,2,MI,0,Cross-industry,cross-industry,1235,15-2051,Data Scientists,detailed,3900,8.9,0.918,0.85,0,0,44.62,92820,3.9,26.25,33.37,41.09,51.52,63.21,54600,69410,85470,107170,131480,0,0
566,27,Minnesota,2,MN,0,Cross-industry,cross-industry,1235,15-2051,Data Scientists,detailed,1600,5.5,0.567,0.53,0,0,53.72,111740,0.8,37.06,42.99,51.41,64.11,75.67,77090,89420,106920,133340,157390,0,0
567,28,Mississippi,2,MS,0,Cross-industry,cross-industry,1235,15-2051,Data Scientists,detailed,0,0,0,0,0,0,31.7,65940,5.4,14.89,19.15,27.38,37.67,50.98,30980,39830,56950,78360,106040,0,0
568,29,Missouri,2,MO,0,Cross-industry,cross-industry,1235,15-2051,Data Scientists,detailed,4020,12.4,1.425,1.32,0,0,39.36,81860,2.3,22.67,29.13,37.88,48.88,60.55,47150,60580,78780,101670,125940,0,0
569,30,Montana,2,MT,0,Cross-industry,cross-industry,1235,15-2051,Data Scientists,detailed,90,19.8,0.192,0.18,0,0,35.93,74720,10.2,24.15,24.15,36.16,43.41,50.18,50230,50230,75200,90280,104370,0,0
570,31,Nebraska,2,NE,0,Cross-industry,cross-industry,1235,15-2051,Data Scientists,detailed,1310,7.1,1.346,1.25,0,0,42.95,89340,2.3,27.73,36.02,40.62,49.53,57.24,57680,74920,84490,103030,119070,0,0
571,32,Nevada,2,NV,0,Cross-industry,cross-industry,1235,15-2051,Data Scientists,detailed,850,14.3,0.6,0.56,0,0,46.57,96870,8.3,28.84,28.84,39.48,54.76,83.45,59990,59990,82110,113890,173580,0,0
572,33,New Hampshire,2,NH,0,Cross-industry,cross-industry,1235,15-2051,Data Scientists,detailed,620,10.7,0.94,0.87,0,0,41.97,87300,5,23.8,27.9,37.32,52.44,65.62,49490,58040,77620,109070,136480,0,0
573,34,New Jersey,2,NJ,0,Cross-industry,cross-industry,1235,15-2051,Data Scientists,detailed,3030,19,0.737,0.68,0,0,62.49,129980,3.6,36.02,46.37,62.12,75.74,89.73,74920,96450,129210,157550,186640,0,0
574,35,New Mexico,2,NM,0,Cross-industry,cross-industry,1235,15-2051,Data Scientists,detailed,330,8.4,0.398,0.37,0,0,41.87,87090,5.3,20.69,28.89,37.88,46.23,63.49,43040,60100,78790,96160,132060,0,0
575,36,New York,2,NY,0,Cross-industry,cross-industry,1235,15-2051,Data Scientists,detailed,14760,3.6,1.62,1.5,0,0,61.63,128200,1.7,29.11,40.7,59.63,79.32,99.86,60540,84650,124030,164990,207710,0,0
576,37,North Carolina,2,NC,0,Cross-industry,cross-industry,1235,15-2051,Data Scientists,detailed,5350,8.4,1.151,1.07,0,0,57.67,119960,1,31.52,44.38,58.64,66.33,83.06,65560,92310,121970,137970,172770,0,0
577,38,North Dakota,2,ND,0,Cross-industry,cross-industry,1235,15-2051,Data Scientists,detailed,150,15.7,0.361,0.33,0,0,44.87,93340,4.7,30.65,34.83,43.77,54.66,64.04,63740,72440,91050,113700,133190,0,0
578,39,Ohio,2,OH,0,Cross-industry,cross-industry,1235,15-2051,Data Scientists,detailed,3650,4.5,0.68,0.63,0,0,44.27,92080,1.7,23.26,32.19,42.77,53.73,65.14,48380,66950,88950,111750,135490,0,0
579,40,Oklahoma,2,OK,0,Cross-industry,cross-industry,1235,15-2051,Data Scientists,detailed,1740,9.6,1.087,1.01,0,0,42.21,87810,3.4,24.81,30.64,38.33,53.29,68.75,51610,63740,79720,110850,143000,0,0
580,41,Oregon,2,OR,0,Cross-industry,cross-industry,1235,15-2051,Data Scientists,detailed,1610,8.6,0.848,0.79,0,0,53.41,111090,4.1,28.89,32.52,49.29,66.2,84.03,60100,67630,102530,137690,174790,0,0
581,42,Pennsylvania,2,PA,0,Cross-industry,cross-industry,1235,15-2051,Data Scientists,detailed,6370,4.1,1.097,1.02,0,0,46.12,95940,1.5,24.78,33.8,43.91,58.73,65.39,51530,70300,91330,122150,136010,0,0
582,44,Rhode Island,2,RI,0,Cross-industry,cross-industry,1235,15-2051,Data Scientists,detailed,620,9.3,1.286,1.19,0,0,56.53,117570,2.4,38.39,42.2,52.52,64.16,80.91,79840,87770,109240,133460,168290,0,0
583,45,South Carolina,2,SC,0,Cross-industry,cross-industry,1235,15-2051,Data Scientists,detailed,1180,6.6,0.548,0.51,0,0,48.34,100550,1.7,29.52,35.39,47.78,57.35,69.71,61390,73610,99370,119290,145000,0,0
584,46,South Dakota,2,SD,0,Cross-industry,cross-industry,1235,15-2051,Data Scientists,detailed,110,14.9,0.264,0.24,0,0,52.13,108430,3.7,34.03,42.01,52.07,57.97,66.49,70780,87380,108310,120580,138300,0,0
585,47,Tennessee,2,TN,0,Cross-industry,cross-industry,1235,15-2051,Data Scientists,detailed,1210,10.8,0.389,0.36,0,0,53.88,112070,5.9,31.17,34.83,45.53,62.59,80.48,64830,72450,94690,130200,167390,0,0
586,48,Texas,2,TX,0,Cross-industry,cross-industry,1235,15-2051,Data Scientists,detailed,13780,3.1,1.061,0.98,0,0,49.15,102230,0.9,22.6,32.66,47.76,62.39,78.95,47010,67940,99350,129780,164210,0,0
587,49,Utah,2,UT,0,Cross-industry,cross-industry,1235,15-2051,Data Scientists,detailed,3070,7.5,1.886,1.75,0,0,42.63,88660,4,23.43,30.21,39.06,51.17,64.76,48740,62840,81250,106430,134700,0,0
588,50,Vermont,2,VT,0,Cross-industry,cross-industry,1235,15-2051,Data Scientists,detailed,150,41.3,0.513,0.48,0,0,0,0,0,0,0,0,0,0,0,0,0,0,0,0,0
589,51,Virginia,2,VA,0,Cross-industry,cross-industry,1235,15-2051,Data Scientists,detailed,4500,5.3,1.163,1.08,0,0,64.42,133990,1.3,35.53,47.11,63.65,81.49,95.1,73910,97990,132400,169490,197810,0,0
590,53,Washington,2,WA,0,Cross-industry,cross-industry,1235,15-2051,Data Scientists,detailed,4160,8.3,1.221,1.13,0,0,67.68,140780,4.4,31.88,46.76,65.31,82.16,100.18,66300,97260,135850,170900,208380,0,0
591,54,West Virginia,2,WV,0,Cross-industry,cross-industry,1235,15-2051,Data Scientists,detailed,70,11.6,0.106,0.1,0,0,34.88,72550,1.5,27.66,29.81,32.21,40.07,46.29,57540,62000,67010,83340,96280,0,0
592,55,Wisconsin,2,WI,0,Cross-industry,cross-industry,1235,15-2051,Data Scientists,detailed,2740,8.3,0.971,0.9,0,0,43.63,90760,5,16.26,32.35,45.87,51.91,63.04,33820,67290,95410,107980,131120,0,0
593,56,Wyoming,2,WY,0,Cross-industry,cross-industry,1235,15-2051,Data Scientists,detailed,40,43.9,0.15,0.14,0,0,61.95,128860,25.3,32.93,67.29,67.29,69.05,72.36,68490,139960,139970,143610,150510,0,0
594,72,Puerto Rico,3,PR,0,Cross-industry,cross-industry,1235,15-2051,Data Scientists,detailed,70,18.4,0.081,0.07,0,0,31.21,64910,5.2,19.75,26.5,29.68,37.73,38.72,41090,55120,61730,78470,80550,0,0
595,10420,"Akron, OH",4,OH,0,Cross-industry,cross-industry,1235,15-2051,Data Scientists,detailed,140,9.1,0.461,0.43,0,0,42.83,89080,4.4,22.81,31.41,41.73,55.89,59.33,47450,65330,86810,116260,123410,0,0
596,10580,"Albany-Schenectady-Troy, NY",4,NY,0,Cross-industry,cross-industry,1235,15-2051,Data Scientists,detailed,420,10.7,0.983,0.91,0,0,48.44,100750,2.2,26.59,32.39,44.78,61,75.18,55310,67370,93140,126880,156380,0,0
597,10740,"Albuquerque, NM",4,NM,0,Cross-industry,cross-industry,1235,15-2051,Data Scientists,detailed,220,8.8,0.565,0.52,0,0,41.96,87270,2.6,23.99,30.19,39.8,46.23,60.98,49900,62790,82780,96160,126840,0,0
598,10900,"Allentown-Bethlehem-Easton, PA-NJ",4,PA,0,Cross-industry,cross-industry,1235,15-2051,Data Scientists,detailed,190,9.7,0.532,0.49,0,0,46.27,96250,1.5,27.49,34.74,41.8,58.83,67.95,57180,72260,86950,122360,141340,0,0
599,11180,"Ames, IA",4,IA,0,Cross-industry,cross-industry,1235,15-2051,Data Scientists,detailed,70,10.4,1.416,1.31,0,0,37.43,77840,6.4,24.61,30.06,32.35,40.61,49.3,51180,62520,67290,84480,102540,0,0
600,11260,"Anchorage, AK",4,AK,0,Cross-industry,cross-industry,1235,15-2051,Data Scientists,detailed,90,12.7,0.525,0.49,0,0,51.15,106390,2.3,29.86,35.69,48.31,63.56,79.95,62100,74230,100490,132190,166300,0,0
601,11460,"Ann Arbor, MI",4,MI,0,Cross-industry,cross-industry,1235,15-2051,Data Scientists,detailed,320,10.8,1.535,1.42,0,0,50.22,104460,5,29.93,38.37,50.08,59.58,66.21,62250,79820,104170,123920,137710,0,0
602,11540,"Appleton, WI",4,WI,0,Cross-industry,cross-industry,1235,15-2051,Data Scientists,detailed,90,6.1,0.752,0.7,0,0,42.32,88030,1.9,27.23,33.46,38.53,48.48,62.73,56640,69600,80150,100840,130480,0,0
603,11700,"Asheville, NC",4,NC,0,Cross-industry,cross-industry,1235,15-2051,Data Scientists,detailed,60,15.3,0.301,0.28,0,0,57.64,119900,9.6,29.12,41.86,60.04,60.04,94.43,60560,87080,124890,124890,196420,0,0
604,12020,"Athens-Clarke County, GA",4,GA,0,Cross-industry,cross-industry,1235,15-2051,Data Scientists,detailed,30,18.2,0.352,0.33,0,0,50.71,105470,15.9,26.27,37.56,47.71,61.69,75.09,54640,78130,99240,128300,156200,0,0
605,12060,"Atlanta-Sandy Springs-Roswell, GA",4,GA,0,Cross-industry,cross-industry,1235,15-2051,Data Scientists,detailed,4480,5.3,1.643,1.52,0,0,53.21,110670,2.4,30.56,38.36,50.03,64.9,79.8,63570,79790,104060,134990,165990,0,0
606,12260,"Augusta-Richmond County, GA-SC",4,GA,0,Cross-industry,cross-industry,1235,15-2051,Data Scientists,detailed,90,12.6,0.401,0.37,0,0,40.57,84380,3.3,23.38,27.17,38.46,47.33,65.78,48640,56520,79990,98440,136820,0,0
607,12420,"Austin-Round Rock, TX",4,TX,0,Cross-industry,cross-industry,1235,15-2051,Data Scientists,detailed,1990,3.8,1.689,1.56,0,0,53.65,111600,1.3,27.92,38.15,50.65,66.48,81.56,58060,79350,105350,138280,169640,0,0
608,12540,"Bakersfield, CA",4,CA,0,Cross-industry,cross-industry,1235,15-2051,Data Scientists,detailed,120,14.2,0.372,0.34,0,0,55.68,115810,4.7,27.32,35.23,53.66,73.54,87.29,56820,73270,111620,152960,181560,0,0
609,12580,"Baltimore-Columbia-Towson, MD",4,MD,0,Cross-industry,cross-industry,1235,15-2051,Data Scientists,detailed,870,17.7,0.672,0.62,0,0,57.3,119180,4.3,32.18,40.03,58.88,72.84,79.32,66920,83270,122470,151500,164980,0,0
610,12940,"Baton Rouge, LA",4,LA,0,Cross-industry,cross-industry,1235,15-2051,Data Scientists,detailed,490,3.6,1.283,1.19,0,0,32.88,68390,1.6,25,31.25,31.45,31.45,38.63,52010,65000,65410,65410,80340,0,0
611,12980,"Battle Creek, MI",4,MI,0,Cross-industry,cross-industry,1235,15-2051,Data Scientists,detailed,30,8,0.644,0.6,0,0,37.14,77250,4.8,24.59,25.88,36.15,46.26,49.56,51150,53830,75180,96230,103080,0,0
612,13460,"Bend-Redmond, OR",4,OR,0,Cross-industry,cross-industry,1235,15-2051,Data Scientists,detailed,50,12,0.574,0.53,0,0,38.6,80280,4.3,24.03,28.89,35.5,45.74,52.18,49990,60100,73850,95140,108530,0,0
613,13780,"Binghamton, NY",4,NY,0,Cross-industry,cross-industry,1235,15-2051,Data Scientists,detailed,50,13,0.557,0.52,0,0,49.91,103810,3,23.9,32.28,45.9,62.91,85.56,49720,67150,95460,130840,177970,0,0
614,13820,"Birmingham-Hoover, AL",4,AL,0,Cross-industry,cross-industry,1235,15-2051,Data Scientists,detailed,210,9.4,0.413,0.38,0,0,42.04,87450,3.4,19.81,28.76,36.05,51.09,70.34,41210,59830,74980,106260,146310,0,0
615,14020,"Bloomington, IN",4,IN,0,Cross-industry,cross-industry,1235,15-2051,Data Scientists,detailed,30,20.1,0.471,0.44,0,0,36.17,75230,6.3,20.72,28.18,36.19,44.16,47.7,43100,58620,75270,91840,99220,0,0
616,14260,"Boise City, ID",4,ID,0,Cross-industry,cross-industry,1235,15-2051,Data Scientists,detailed,190,14.2,0.533,0.49,0,0,47.17,98110,2.9,31.94,36.35,47.06,55.91,62.21,66430,75620,97890,116280,129410,0,0
617,14500,"Boulder, CO",4,CO,0,Cross-industry,cross-industry,1235,15-2051,Data Scientists,detailed,380,8.3,1.996,1.85,0,0,68.14,141740,2.5,30.49,39.6,50.92,74.02,0,63430,82370,105910,153960,0,0,0
618,15380,"Buffalo-Cheektowaga-Niagara Falls, NY",4,NY,0,Cross-industry,cross-industry,1235,15-2051,Data Scientists,detailed,390,12.7,0.751,0.7,0,0,46.75,97230,1.7,23.37,33.42,45.52,57.08,73.18,48610,69510,94690,118720,152210,0,0
619,15680,"California-Lexington Park, MD",4,MD,0,Cross-industry,cross-industry,1235,15-2051,Data Scientists,detailed,50,21.7,1.158,1.07,0,0,53.45,111170,7.7,32.27,40.64,48.92,67.37,78.42,67120,84530,101760,140130,163100,0,0
620,15940,"Canton-Massillon, OH",4,OH,0,Cross-industry,cross-industry,1235,15-2051,Data Scientists,detailed,60,10.8,0.385,0.36,0,0,37.78,78590,3.2,22.44,24,37,46.82,59.89,46670,49920,76960,97380,124570,0,0
621,15980,"Cape Coral-Fort Myers, FL",4,FL,0,Cross-industry,cross-industry,1235,15-2051,Data Scientists,detailed,210,38,0.726,0.67,0,0,48.03,99910,6.7,23.55,37.93,47.71,58.19,77.81,48990,78900,99230,121020,161840,0,0
622,16300,"Cedar Rapids, IA",4,IA,0,Cross-industry,cross-industry,1235,15-2051,Data Scientists,detailed,130,5.6,0.91,0.84,0,0,40.85,84980,2.9,21.06,30.68,40.36,48.72,56.9,43800,63810,83950,101330,118350,0,0
623,16580,"Champaign-Urbana, IL",4,IL,0,Cross-industry,cross-industry,1235,15-2051,Data Scientists,detailed,100,7.7,0.995,0.92,0,0,47.5,98790,4,31.22,32.24,41.85,53.25,69.94,64930,67060,87040,110760,145460,0,0
624,16700,"Charleston-North Charleston, SC",4,SC,0,Cross-industry,cross-industry,1235,15-2051,Data Scientists,detailed,160,11.5,0.461,0.43,0,0,44.04,91600,7.1,29.1,32.93,40.17,53.66,62.21,60520,68490,83560,111610,129400,0,0
625,16740,"Charlotte-Concord-Gastonia, NC-SC",4,NC,0,Cross-industry,cross-industry,1235,15-2051,Data Scientists,detailed,2430,3.7,1.911,1.77,0,0,61.93,128810,0.7,39.17,50.86,64.51,71.6,83.06,81480,105780,134190,148930,172770,0,0
626,16820,"Charlottesville, VA",4,VA,0,Cross-industry,cross-industry,1235,15-2051,Data Scientists,detailed,150,13.7,1.393,1.29,0,0,56.47,117460,2.4,36.61,40.92,54.77,64.17,82.76,76140,85110,113920,133470,172140,0,0
627,16860,"Chattanooga, TN-GA",4,TN,0,Cross-industry,cross-industry,1235,15-2051,Data Scientists,detailed,70,28.9,0.265,0.25,0,0,53.07,110390,6.2,27.65,35.23,45.84,62.59,70.16,57510,73270,95350,130200,145930,0,0
628,16980,"Chicago-Naperville-Elgin, IL-IN-WI",4,IL,0,Cross-industry,cross-industry,1235,15-2051,Data Scientists,detailed,5100,6.1,1.155,1.07,0,0,53.27,110800,1,28.36,38.29,50.18,63.89,81.64,58980,79640,104370,132900,169810,0,0
629,17140,"Cincinnati, OH-KY-IN",4,OH,0,Cross-industry,cross-industry,1235,15-2051,Data Scientists,detailed,1070,8.2,1.009,0.93,0,0,47.67,99160,1,25.53,38.42,48.3,59.2,65.18,53110,79910,100470,123140,135570,0,0
630,17460,"Cleveland-Elyria, OH",4,OH,0,Cross-industry,cross-industry,1235,15-2051,Data Scientists,detailed,800,7.8,0.813,0.75,0,0,46.71,97150,3,24.45,35.96,46.17,56.56,67.33,50860,74790,96030,117650,140040,0,0
631,17780,"College Station-Bryan, TX",4,TX,0,Cross-industry,cross-industry,1235,15-2051,Data Scientists,detailed,90,20.6,0.737,0.68,0,0,49.87,103730,8.4,24.47,33.65,47.98,62.09,76.95,50900,69990,99790,129140,160060,0,0
632,17820,"Colorado Springs, CO",4,CO,0,Cross-industry,cross-industry,1235,15-2051,Data Scientists,detailed,300,11.1,0.979,0.91,0,0,56.18,116860,3.4,24.9,36.13,49.99,65.57,86.35,51790,75150,103990,136380,179620,0,0
633,17860,"Columbia, MO",4,MO,0,Cross-industry,cross-industry,1235,15-2051,Data Scientists,detailed,60,16.9,0.59,0.55,0,0,36.16,75220,2,23.06,28.97,33.4,44.02,50.6,47960,60260,69470,91560,105250,0,0
634,17900,"Columbia, SC",4,SC,0,Cross-industry,cross-industry,1235,15-2051,Data Scientists,detailed,220,12,0.59,0.55,0,0,41.1,85490,4,27.52,29.96,38.63,48.26,60.31,57230,62310,80350,100370,125440,0,0
635,17980,"Columbus, GA-AL",4,GA,0,Cross-industry,cross-industry,1235,15-2051,Data Scientists,detailed,110,5.3,0.979,0.91,0,0,42.85,89130,2.2,27.6,35.22,46.16,46.16,56.8,57400,73250,96010,96010,118150,0,0
636,18140,"Columbus, OH",4,OH,0,Cross-industry,cross-industry,1235,15-2051,Data Scientists,detailed,860,9.3,0.809,0.75,0,0,45.1,93820,2.3,21.76,32.59,44.54,58.33,67.93,45260,67780,92650,121320,141300,0,0
637,18580,"Corpus Christi, TX",4,TX,0,Cross-industry,cross-industry,1235,15-2051,Data Scientists,detailed,110,9.4,0.623,0.58,0,0,39.66,82490,5.8,19,25.16,33.89,50.14,67.01,39520,52330,70490,104280,139370,0,0
638,18880,"Crestview-Fort Walton Beach-Destin, FL",4,FL,0,Cross-industry,cross-industry,1235,15-2051,Data Scientists,detailed,60,30.5,0.527,0.49,0,0,48.1,100050,7.6,27.27,34.45,47.22,55.64,65.31,56710,71650,98220,115730,135850,0,0
639,19100,"Dallas-Fort Worth-Arlington, TX",4,TX,0,Cross-industry,cross-industry,1235,15-2051,Data Scientists,detailed,5040,3.4,1.324,1.23,0,0,51.97,108090,0.9,27.62,37.18,49.68,65.04,80.59,57450,77340,103330,135290,167620,0,0
640,19340,"Davenport-Moline-Rock Island, IA-IL",4,IA,0,Cross-industry,cross-industry,1235,15-2051,Data Scientists,detailed,170,4,0.936,0.87,0,0,41.26,85820,1.3,28.91,31.5,41.41,47.01,56.37,60140,65520,86130,97770,117260,0,0
641,19380,"Dayton, OH",4,OH,0,Cross-industry,cross-industry,1235,15-2051,Data Scientists,detailed,210,8.1,0.587,0.54,0,0,37.21,77410,2.9,21.18,24.57,36.66,41.95,53.22,44060,51100,76250,87260,110710,0,0
642,19660,"Deltona-Daytona Beach-Ormond Beach, FL",4,FL,0,Cross-industry,cross-industry,1235,15-2051,Data Scientists,detailed,60,9.6,0.311,0.29,0,0,45.6,94850,3.9,23.4,27.85,37.81,52.1,68.98,48680,57920,78640,108370,143470,0,0
643,19740,"Denver-Aurora-Lakewood, CO",4,CO,0,Cross-industry,cross-industry,1235,15-2051,Data Scientists,detailed,2510,8.8,1.617,1.5,0,0,55.26,114940,1.8,30.89,38.46,49.91,64.9,78.61,64240,80000,103800,134990,163500,0,0
644,19780,"Des Moines-West Des Moines, IA",4,IA,0,Cross-industry,cross-industry,1235,15-2051,Data Scientists,detailed,1220,2.2,3.288,3.05,0,0,49.42,102800,1.1,30.68,40.78,51.39,58.71,65.49,63810,84810,106900,122110,136220,0,0
645,19820,"Detroit-Warren-Dearborn, MI",4,MI,0,Cross-industry,cross-industry,1235,15-2051,Data Scientists,detailed,2180,10.7,1.17,1.08,0,0,46.15,95990,4.4,27.4,35.4,43.4,51.86,63.89,56990,73630,90260,107870,132890,0,0
646,20220,"Dubuque, IA",4,IA,0,Cross-industry,cross-industry,1235,15-2051,Data Scientists,detailed,40,10.7,0.748,0.69,0,0,33.68,70060,3.2,19.25,25.99,32.66,40.16,48.74,40030,54060,67920,83540,101380,0,0
647,20260,"Duluth, MN-WI",4,MN,0,Cross-industry,cross-industry,1235,15-2051,Data Scientists,detailed,30,9.4,0.255,0.24,0,0,36.24,75390,2.1,20.21,23.57,28.87,47.33,58.12,42050,49020,60060,98450,120880,0,0
648,20500,"Durham-Chapel Hill, NC",4,NC,0,Cross-industry,cross-industry,1235,15-2051,Data Scientists,detailed,710,5.9,2.176,2.02,0,0,56.32,117150,2.5,30.72,43.55,60.08,66.11,80.81,63900,90580,124960,137510,168080,0,0
649,20740,"Eau Claire, WI",4,WI,0,Cross-industry,cross-industry,1235,15-2051,Data Scientists,detailed,50,19.9,0.664,0.62,0,0,43.87,91250,2.2,30.25,33.1,45.87,47.43,62.49,62920,68840,95410,98650,129980,0,0
650,21140,"Elkhart-Goshen, IN",4,IN,0,Cross-industry,cross-industry,1235,15-2051,Data Scientists,detailed,50,6.7,0.325,0.3,0,0,47.38,98550,21.6,23.66,30.52,36.63,49,75.2,49210,63490,76190,101910,156410,0,0
651,21340,"El Paso, TX",4,TX,0,Cross-industry,cross-industry,1235,15-2051,Data Scientists,detailed,170,10.9,0.536,0.5,0,0,39.09,81300,6.6,17.4,27.84,38.99,47.44,60.49,36190,57910,81090,98670,125810,0,0
652,21500,"Erie, PA",4,PA,0,Cross-industry,cross-industry,1235,15-2051,Data Scientists,detailed,50,13.5,0.419,0.39,0,0,33.27,69200,4,15.81,23.96,34.26,37.23,46.93,32880,49840,71260,77440,97620,0,0
653,21660,"Eugene, OR",4,OR,0,Cross-industry,cross-industry,1235,15-2051,Data Scientists,detailed,60,11.6,0.416,0.39,0,0,39.85,82890,5.3,23.02,27.99,39.27,46.58,63.79,47880,58210,81690,96890,132690,0,0
654,21780,"Evansville, IN-KY",4,IN,0,Cross-industry,cross-industry,1235,15-2051,Data Scientists,detailed,150,3.7,1.002,0.93,0,0,31.42,65350,2.8,19.2,21.99,30.72,38.04,49.88,39930,45730,63890,79110,103750,0,0
655,22020,"Fargo, ND-MN",4,ND,0,Cross-industry,cross-industry,1235,15-2051,Data Scientists,detailed,110,16.1,0.783,0.73,0,0,45.26,94130,6.4,30.69,34.83,43.77,56.17,64.04,63830,72440,91050,116820,133190,0,0
656,22380,"Flagstaff, AZ",4,AZ,0,Cross-industry,cross-industry,1235,15-2051,Data Scientists,detailed,40,11.7,0.689,0.64,0,0,0,0,0,0,0,0,0,0,0,0,0,0,0,0,0
657,22420,"Flint, MI",4,MI,0,Cross-industry,cross-industry,1235,15-2051,Data Scientists,detailed,70,12.2,0.527,0.49,0,0,37.7,78420,6.7,23.22,25.87,34.33,45.63,60.66,48300,53810,71400,94900,126170,0,0
658,22660,"Fort Collins, CO",4,CO,0,Cross-industry,cross-industry,1235,15-2051,Data Scientists,detailed,120,9.3,0.694,0.64,0,0,52.22,108610,3,30.34,40.93,49.59,62.89,73.93,63110,85130,103140,130800,153780,0,0
659,23060,"Fort Wayne, IN",4,IN,0,Cross-industry,cross-industry,1235,15-2051,Data Scientists,detailed,140,5,0.652,0.6,0,0,36.98,76920,8.4,21.14,26.79,35.76,44.21,49.82,43980,55720,74380,91970,103620,0,0
660,23420,"Fresno, CA",4,CA,0,Cross-industry,cross-industry,1235,15-2051,Data Scientists,detailed,150,14,0.37,0.34,0,0,43.81,91110,5,23.87,30.56,38.89,54.71,73.06,49650,63560,80900,113800,151970,0,0
661,23540,"Gainesville, FL",4,FL,0,Cross-industry,cross-industry,1235,15-2051,Data Scientists,detailed,140,11.3,0.996,0.92,0,0,35.53,73900,4.4,23.21,23.21,29.95,39.05,57.13,48270,48270,62300,81230,118820,0,0
662,23580,"Gainesville, GA",4,GA,0,Cross-industry,cross-industry,1235,15-2051,Data Scientists,detailed,40,10.2,0.395,0.37,0,0,40.63,84510,5.9,23.47,28.63,38.21,48.42,59.3,48820,59540,79470,100710,123350,0,0
663,24300,"Grand Junction, CO",4,CO,0,Cross-industry,cross-industry,1235,15-2051,Data Scientists,detailed,30,16.8,0.471,0.44,0,0,42.26,87890,3.9,26.09,31.79,39.45,50.96,59.24,54260,66130,82060,105990,123220,0,0
664,24340,"Grand Rapids-Wyoming, MI",4,MI,0,Cross-industry,cross-industry,1235,15-2051,Data Scientists,detailed,340,5.5,0.615,0.57,0,0,42.01,87370,6,25.9,32.94,38.92,49.35,63.48,53870,68500,80950,102660,132050,0,0
665,24540,"Greeley, CO",4,CO,0,Cross-industry,cross-industry,1235,15-2051,Data Scientists,detailed,40,12.1,0.389,0.36,0,0,45.8,95260,5.7,27.44,31.13,46.33,52.69,64.31,57080,64750,96370,109590,133770,0,0
666,24580,"Green Bay, WI",4,WI,0,Cross-industry,cross-industry,1235,15-2051,Data Scientists,detailed,160,8.9,0.945,0.88,0,0,46.27,96230,1.1,30.09,37.74,47.32,57,63,62590,78500,98420,118560,131040,0,0
667,24660,"Greensboro-High Point, NC",4,NC,0,Cross-industry,cross-industry,1235,15-2051,Data Scientists,detailed,140,16.3,0.386,0.36,0,0,50.91,105890,2,32.42,40.21,50.59,60.09,67.99,67440,83640,105220,124990,141420,0,0
668,24860,"Greenville-Anderson-Mauldin, SC",4,SC,0,Cross-industry,cross-industry,1235,15-2051,Data Scientists,detailed,240,6.6,0.595,0.55,0,0,45.28,94190,2.6,28.97,35.83,40.72,51.03,62.63,60270,74520,84690,106140,130260,0,0
669,25060,"Gulfport-Biloxi-Pascagoula, MS",4,MS,0,Cross-industry,cross-industry,1235,15-2051,Data Scientists,detailed,40,14.3,0.264,0.24,0,0,32.33,67240,5.3,15.71,23.41,28.05,37.99,50.98,32680,48680,58340,79030,106040,0,0
670,25420,"Harrisburg-Carlisle, PA",4,PA,0,Cross-industry,cross-industry,1235,15-2051,Data Scientists,detailed,270,7.4,0.844,0.78,0,0,43.85,91210,2.7,23.7,35.5,41.72,51.19,62.62,49290,73850,86770,106470,130240,0,0
671,25860,"Hickory-Lenoir-Morganton, NC",4,NC,0,Cross-industry,cross-industry,1235,15-2051,Data Scientists,detailed,50,9.8,0.344,0.32,0,0,47.79,99400,8.5,25.86,36.53,43.08,60.97,71.79,53790,75980,89610,126810,149330,0,0
672,26420,"Houston-The Woodlands-Sugar Land, TX",4,TX,0,Cross-industry,cross-industry,1235,15-2051,Data Scientists,detailed,3570,6,1.17,1.08,0,0,45,93610,1.2,21.23,28.22,36.72,59.89,78.46,44150,58700,76370,124560,163200,0,0
673,26620,"Huntsville, AL",4,AL,0,Cross-industry,cross-industry,1235,15-2051,Data Scientists,detailed,0,0,0,0,0,0,48.9,101710,3.5,31.11,38.58,48.03,55.57,66.57,64710,80240,99910,115590,138460,0,0
674,26900,"Indianapolis-Carmel-Anderson, IN",4,IN,0,Cross-industry,cross-industry,1235,15-2051,Data Scientists,detailed,980,6.5,0.934,0.86,0,0,39.36,81860,3.4,21.96,28.25,37.69,49.64,58.39,45670,58750,78400,103250,121460,0,0
675,26980,"Iowa City, IA",4,IA,0,Cross-industry,cross-industry,1235,15-2051,Data Scientists,detailed,90,3.3,1.028,0.95,0,0,40.23,83670,1.8,21.98,27.1,37.33,48.63,59.42,45730,56370,77650,101160,123600,0,0
676,27060,"Ithaca, NY",4,NY,0,Cross-industry,cross-industry,1235,15-2051,Data Scientists,detailed,50,14,1.039,0.96,0,0,56.65,117820,4,30.52,42.8,53.25,68.15,82.98,63470,89020,110760,141760,172600,0,0
677,27140,"Jackson, MS",4,MS,0,Cross-industry,cross-industry,1235,15-2051,Data Scientists,detailed,60,15.5,0.241,0.22,0,0,41.15,85590,3.9,22.4,27.32,37.67,49.86,67.17,46600,56820,78360,103710,139720,0,0
678,27260,"Jacksonville, FL",4,FL,0,Cross-industry,cross-industry,1235,15-2051,Data Scientists,detailed,550,5.9,0.768,0.71,0,0,46.96,97670,2.4,24.84,32.28,48.14,55.93,67.15,51670,67140,100120,116330,139670,0,0
679,27500,"Janesville-Beloit, WI",4,WI,0,Cross-industry,cross-industry,1235,15-2051,Data Scientists,detailed,40,10,0.662,0.61,0,0,43.03,89490,2.7,28.63,28.8,45.82,47.39,63.04,59540,59900,95310,98560,131110,0,0
680,27620,"Jefferson City, MO",4,MO,0,Cross-industry,cross-industry,1235,15-2051,Data Scientists,detailed,30,19.8,0.438,0.41,0,0,36.75,76440,4.4,19.69,27.57,34.44,48.1,58.4,40960,57350,71640,100040,121460,0,0
681,28020,"Kalamazoo-Portage, MI",4,MI,0,Cross-industry,cross-industry,1235,15-2051,Data Scientists,detailed,130,23.1,0.908,0.84,0,0,41.44,86190,6.5,27.81,33.12,39.39,48.91,59.01,57840,68890,81930,101720,122740,0,0
682,28140,"Kansas City, MO-KS",4,MO,0,Cross-industry,cross-industry,1235,15-2051,Data Scientists,detailed,1510,13.4,1.433,1.33,0,0,40.56,84370,6.4,24.44,30.63,40.59,49.04,59.49,50830,63700,84420,102000,123740,0,0
683,28660,"Killeen-Temple, TX",4,TX,0,Cross-industry,cross-industry,1235,15-2051,Data Scientists,detailed,70,9,0.472,0.44,0,0,46.4,96510,4,23.36,28.06,48.14,62.95,65.7,48600,58360,100130,130940,136650,0,0
684,28700,"Kingsport-Bristol-Bristol, TN-VA",4,TN,0,Cross-industry,cross-industry,1235,15-2051,Data Scientists,detailed,80,3.1,0.681,0.63,0,0,53.57,111430,4,31.72,46.31,49.57,65.14,70.89,65970,96320,103110,135490,147460,0,0
685,28940,"Knoxville, TN",4,TN,0,Cross-industry,cross-industry,1235,15-2051,Data Scientists,detailed,140,11.7,0.345,0.32,0,0,48.18,100200,4,31.3,34.83,40.64,52.52,66.33,65100,72450,84530,109240,137960,0,0
686,29100,"La Crosse-Onalaska, WI-MN",4,WI,0,Cross-industry,cross-industry,1235,15-2051,Data Scientists,detailed,50,10.8,0.763,0.71,0,0,40.78,84810,3.3,27.96,33.42,41.05,48.24,54.17,58160,69520,85390,100330,112670,0,0
687,29200,"Lafayette-West Lafayette, IN",4,IN,0,Cross-industry,cross-industry,1235,15-2051,Data Scientists,detailed,160,3.9,1.625,1.51,0,0,38.25,79560,4.7,25.13,30.76,34.54,41.44,52.01,52270,63990,71840,86190,108170,0,0
688,29460,"Lakeland-Winter Haven, FL",4,FL,0,Cross-industry,cross-industry,1235,15-2051,Data Scientists,detailed,110,12.7,0.454,0.42,0,0,44.73,93030,2.7,19.85,28.94,41.77,54.48,65.98,41280,60190,86880,113310,137250,0,0
689,29540,"Lancaster, PA",4,PA,0,Cross-industry,cross-industry,1235,15-2051,Data Scientists,detailed,120,6.7,0.487,0.45,0,0,40.71,84680,1.7,23.4,30.93,37.8,48.2,60.58,48670,64340,78630,100250,126010,0,0
690,29620,"Lansing-East Lansing, MI",4,MI,0,Cross-industry,cross-industry,1235,15-2051,Data Scientists,detailed,280,6,1.364,1.26,0,0,43.11,89680,1.5,28.84,32.93,40.64,51.29,60.64,59980,68500,84530,106680,126140,0,0
691,29700,"Laredo, TX",4,TX,0,Cross-industry,cross-industry,1235,15-2051,Data Scientists,detailed,50,12.2,0.459,0.43,0,0,0,0,0,0,0,0,0,0,0,0,0,0,0,0,0
692,29740,"Las Cruces, NM",4,NM,0,Cross-industry,cross-industry,1235,15-2051,Data Scientists,detailed,40,18.5,0.517,0.48,0,0,30.9,64270,21.4,15.28,15.28,27.88,41.36,60.33,31780,31780,57990,86020,125480,0,0
693,29820,"Las Vegas-Henderson-Paradise, NV",4,NV,0,Cross-industry,cross-industry,1235,15-2051,Data Scientists,detailed,610,12.9,0.597,0.55,0,0,44.44,92440,9.8,28.84,28.84,38.13,50.54,87.06,59990,59990,79310,105130,181080,0,0
694,30460,"Lexington-Fayette, KY",4,KY,0,Cross-industry,cross-industry,1235,15-2051,Data Scientists,detailed,270,12.5,1.012,0.94,0,0,42.89,89210,2.9,24.94,32.49,40.91,51.43,67.19,51860,67590,85090,106980,139750,0,0
695,30700,"Lincoln, NE",4,NE,0,Cross-industry,cross-industry,1235,15-2051,Data Scientists,detailed,240,15.7,1.392,1.29,0,0,40.23,83680,2.1,28.86,31.95,39.3,48.28,52.95,60020,66450,81740,100420,110140,0,0
696,30860,"Logan, UT-ID",4,UT,0,Cross-industry,cross-industry,1235,15-2051,Data Scientists,detailed,80,14.3,1.195,1.11,0,0,36.5,75920,5.4,20.26,25.08,33.24,45.55,55.08,42130,52170,69130,94750,114560,0,0
697,31080,"Los Angeles-Long Beach-Anaheim, CA",4,CA,0,Cross-industry,cross-industry,1235,15-2051,Data Scientists,detailed,7160,3.9,1.173,1.09,0,0,57.83,120290,1.5,30.13,36.25,49.73,71.15,92.03,62660,75400,103430,147990,191410,0,0
698,31140,"Louisville/Jefferson County, KY-IN",4,KY,0,Cross-industry,cross-industry,1235,15-2051,Data Scientists,detailed,0,0,0,0,0,0,41.48,86280,6.5,30.16,36.37,39.42,47.57,55.06,62730,75650,81990,98950,114510,0,0
699,31180,"Lubbock, TX",4,TX,0,Cross-industry,cross-industry,1235,15-2051,Data Scientists,detailed,30,16.8,0.231,0.21,0,0,38.3,79670,9.1,18.6,22.83,33.33,48.63,63.39,38680,47480,69330,101150,131860,0,0
700,31420,"Macon, GA",4,GA,0,Cross-industry,cross-industry,1235,15-2051,Data Scientists,detailed,30,21.2,0.333,0.31,0,0,43.69,90880,3,26.51,35.25,47.59,49.1,53.45,55140,73330,98990,102130,111170,0,0
701,31540,"Madison, WI",4,WI,0,Cross-industry,cross-industry,1235,15-2051,Data Scientists,detailed,900,17,2.323,2.15,0,0,40.38,83990,14.2,16.26,16.26,41.08,51.68,63.04,33820,33820,85440,107480,131120,0,0
702,32580,"McAllen-Edinburg-Mission, TX",4,TX,0,Cross-industry,cross-industry,1235,15-2051,Data Scientists,detailed,50,12.5,0.183,0.17,0,0,36.55,76020,3.3,17.51,24.48,35.17,45.14,59.76,36420,50910,73160,93890,124300,0,0
703,32820,"Memphis, TN-MS-AR",4,TN,0,Cross-industry,cross-industry,1235,15-2051,Data Scientists,detailed,150,13.1,0.248,0.23,0,0,46.76,97250,2.8,24.22,37.13,42.67,57.14,67.99,50380,77220,88750,118850,141420,0,0
704,32900,"Merced, CA",4,CA,0,Cross-industry,cross-industry,1235,15-2051,Data Scientists,detailed,30,23.6,0.399,0.37,0,0,44.99,93580,7.7,27.38,28.47,38.28,56.83,65.8,56950,59210,79620,118210,136850,0,0
705,33100,"Miami-Fort Lauderdale-West Palm Beach, FL",4,FL,0,Cross-industry,cross-industry,1235,15-2051,Data Scientists,detailed,2640,5.8,1.006,0.93,0,0,52.15,108470,2.2,28.05,38.21,59.49,61.45,65.88,58350,79470,123750,127810,137030,0,0
706,33340,"Milwaukee-Waukesha-West Allis, WI",4,WI,0,Cross-industry,cross-industry,1235,15-2051,Data Scientists,detailed,930,6.7,1.161,1.08,0,0,46.38,96470,1.7,28.14,37.92,48.31,52.5,64.44,58530,78870,100490,109200,134040,0,0
707,33460,"Minneapolis-St. Paul-Bloomington, MN-WI",4,MN,0,Cross-industry,cross-industry,1235,15-2051,Data Scientists,detailed,1450,5.5,0.772,0.71,0,0,54.27,112880,0.7,37.1,44.4,51.5,64.24,75.67,77170,92340,107120,133620,157390,0,0
708,33660,"Mobile, AL",4,AL,0,Cross-industry,cross-industry,1235,15-2051,Data Scientists,detailed,50,12.4,0.32,0.3,0,0,36.41,75730,3.5,26.18,28.94,31.99,35.75,48.91,54450,60190,66550,74360,101740,0,0
709,33700,"Modesto, CA",4,CA,0,Cross-industry,cross-industry,1235,15-2051,Data Scientists,detailed,80,13.4,0.417,0.39,0,0,47.02,97800,6.3,29.51,29.52,35.51,57.8,79.81,61390,61390,73860,120230,166000,0,0
710,33860,"Montgomery, AL",4,AL,0,Cross-industry,cross-industry,1235,15-2051,Data Scientists,detailed,50,8.5,0.33,0.31,0,0,31.3,65110,4.4,15.22,16.97,27.05,36.9,56.14,31670,35290,56250,76760,116760,0,0
711,34820,"Myrtle Beach-Conway-North Myrtle Beach, SC-NC",4,SC,0,Cross-industry,cross-industry,1235,15-2051,Data Scientists,detailed,40,18.1,0.223,0.21,0,0,48.83,101560,8.1,25.89,41.28,48.26,56.47,58.14,53850,85870,100390,117460,120940,0,0
712,34940,"Naples-Immokalee-Marco Island, FL",4,FL,0,Cross-industry,cross-industry,1235,15-2051,Data Scientists,detailed,40,23.5,0.28,0.26,0,0,50.43,104900,3.4,26.88,38.31,56.24,59.89,60.7,55910,79690,116980,124580,126260,0,0
713,34980,"Nashville-Davidson--Murfreesboro--Franklin, TN",4,TN,0,Cross-industry,cross-industry,1235,15-2051,Data Scientists,detailed,560,14.9,0.541,0.5,0,0,54.73,113830,4.7,32.69,38.07,46.33,65.77,87.07,67990,79190,96370,136810,181100,0,0
714,35380,"New Orleans-Metairie, LA",4,LA,0,Cross-industry,cross-industry,1235,15-2051,Data Scientists,detailed,50,40.8,0.104,0.1,0,0,43.01,89470,4.7,29.47,29.47,31.92,49.08,79.05,61300,61300,66400,102090,164430,0,0
715,35620,"New York-Newark-Jersey City, NY-NJ-PA",4,NY,0,Cross-industry,cross-industry,1235,15-2051,Data Scientists,detailed,13860,3.9,1.509,1.4,0,0,65.4,136040,1.9,34.4,47.29,62.54,80.79,100.92,71540,98360,130070,168040,209920,0,0
716,35840,"North Port-Sarasota-Bradenton, FL",4,FL,0,Cross-industry,cross-industry,1235,15-2051,Data Scientists,detailed,0,0,0,0,0,0,50.36,104740,8.2,30.15,40.92,48.33,57.03,78.82,62720,85120,100520,118620,163950,0,0
717,36260,"Ogden-Clearfield, UT",4,UT,0,Cross-industry,cross-industry,1235,15-2051,Data Scientists,detailed,240,19.2,0.866,0.8,0,0,41.64,86610,8.5,18.81,28.61,40.89,48.66,58.53,39120,59510,85050,101200,121750,0,0
718,36420,"Oklahoma City, OK",4,OK,0,Cross-industry,cross-industry,1235,15-2051,Data Scientists,detailed,930,17.3,1.488,1.38,0,0,42.46,88310,6.1,24.98,30.27,34.51,53.88,68.75,51950,62970,71780,112070,143000,0,0
719,36500,"Olympia-Tumwater, WA",4,WA,0,Cross-industry,cross-industry,1235,15-2051,Data Scientists,detailed,0,0,0,0,0,0,70.81,147280,6.3,37.09,50.31,66.22,77.99,105.67,77150,104640,137750,162220,219800,0,0
720,36540,"Omaha-Council Bluffs, NE-IA",4,NE,0,Cross-industry,cross-industry,1235,15-2051,Data Scientists,detailed,920,6.2,1.953,1.81,0,0,44.02,91560,1.4,27.73,37.19,41.61,50.14,58.26,57680,77360,86540,104280,121180,0,0
721,36740,"Orlando-Kissimmee-Sanford, FL",4,FL,0,Cross-industry,cross-industry,1235,15-2051,Data Scientists,detailed,1110,8.2,0.858,0.8,0,0,44,91520,2.2,27.5,32,39.35,53.44,66.08,57190,66560,81850,111160,137440,0,0
722,36780,"Oshkosh-Neenah, WI",4,WI,0,Cross-industry,cross-industry,1235,15-2051,Data Scientists,detailed,60,13.3,0.642,0.59,0,0,48.41,100690,3.5,28.56,39.98,47.5,59.25,65.45,59400,83160,98790,123240,136130,0,0
723,37100,"Oxnard-Thousand Oaks-Ventura, CA",4,CA,0,Cross-industry,cross-industry,1235,15-2051,Data Scientists,detailed,350,6.5,1.114,1.03,0,0,52.83,109880,4.5,28.41,35.53,49.12,62.5,79.05,59090,73910,102170,130000,164420,0,0
724,37340,"Palm Bay-Melbourne-Titusville, FL",4,FL,0,Cross-industry,cross-industry,1235,15-2051,Data Scientists,detailed,150,17.4,0.639,0.59,0,0,51.52,107150,3.2,30.83,37.24,49.36,55.28,79.57,64130,77450,102680,114990,165510,0,0
725,37860,"Pensacola-Ferry Pass-Brent, FL",4,FL,0,Cross-industry,cross-industry,1235,15-2051,Data Scientists,detailed,70,10.5,0.362,0.34,0,0,38.66,80420,3.8,22.39,26.57,31.86,48.38,60.84,46570,55260,66280,100640,126550,0,0
726,37900,"Peoria, IL",4,IL,0,Cross-industry,cross-industry,1235,15-2051,Data Scientists,detailed,120,8.6,0.749,0.69,0,0,48.61,101110,1.4,29.2,37.19,46.6,58.46,67.07,60730,77350,96930,121590,139500,0,0
727,37980,"Philadelphia-Camden-Wilmington, PA-NJ-DE-MD",4,PA,0,Cross-industry,cross-industry,1235,15-2051,Data Scientists,detailed,3680,4.6,1.329,1.23,0,0,52.63,109460,1.5,30.38,39.41,50.25,65.19,78.36,63200,81960,104530,135590,162990,0,0
728,38060,"Phoenix-Mesa-Scottsdale, AZ",4,AZ,0,Cross-industry,cross-industry,1235,15-2051,Data Scientists,detailed,2250,22.3,1.014,0.94,0,0,50.19,104390,5.7,30,38.21,49.95,59.89,71.64,62400,79490,103890,124580,149010,0,0
729,38300,"Pittsburgh, PA",4,PA,0,Cross-industry,cross-industry,1235,15-2051,Data Scientists,detailed,1280,5.1,1.207,1.12,0,0,41.78,86910,2,22.95,30.44,38.85,50.63,61.37,47740,63310,80810,105310,127660,0,0
730,38900,"Portland-Vancouver-Hillsboro, OR-WA",4,OR,0,Cross-industry,cross-industry,1235,15-2051,Data Scientists,detailed,1340,8.2,1.132,1.05,0,0,56.5,117510,4.1,29.77,38.67,51.99,67.11,84.43,61910,80440,108130,139600,175610,0,0
731,38940,"Port St. Lucie, FL",4,FL,0,Cross-industry,cross-industry,1235,15-2051,Data Scientists,detailed,40,16.5,0.277,0.26,0,0,49.04,102010,4.6,24.56,30.68,47.39,61.45,75.13,51080,63820,98570,127810,156260,0,0
732,39340,"Provo-Orem, UT",4,UT,0,Cross-industry,cross-industry,1235,15-2051,Data Scientists,detailed,860,9.7,3.015,2.79,0,0,41.02,85330,4.2,22.8,30.18,35.84,49.12,63.35,47430,62780,74550,102170,131770,0,0
733,39580,"Raleigh, NC",4,NC,0,Cross-industry,cross-industry,1235,15-2051,Data Scientists,detailed,990,24.6,1.466,1.36,0,0,56.73,118000,1.3,30.69,41.65,53.64,67.54,87.01,63840,86630,111580,140470,180970,0,0
734,39740,"Reading, PA",4,PA,0,Cross-industry,cross-industry,1235,15-2051,Data Scientists,detailed,80,6.9,0.453,0.42,0,0,44.09,91710,1.7,23.33,30.94,39.11,50.94,61.84,48530,64360,81360,105950,128630,0,0
735,39820,"Redding, CA",4,CA,0,Cross-industry,cross-industry,1235,15-2051,Data Scientists,detailed,50,14.1,0.774,0.72,0,0,51.99,108130,6,28.73,36.06,45.88,63.45,81.46,59750,75010,95430,131980,169430,0,0
736,39900,"Reno, NV",4,NV,0,Cross-industry,cross-industry,1235,15-2051,Data Scientists,detailed,150,26.9,0.617,0.57,0,0,47.36,98520,7,29.6,38.59,41.16,52.03,66.08,61560,80260,85610,108220,137450,0,0
737,40060,"Richmond, VA",4,VA,0,Cross-industry,cross-industry,1235,15-2051,Data Scientists,detailed,680,6.3,1.081,1,0,0,61.01,126890,1.3,30.92,41.04,57.69,79.18,104.08,64310,85370,120000,164690,216490,0,0
738,40140,"Riverside-San Bernardino-Ontario, CA",4,CA,0,Cross-industry,cross-industry,1235,15-2051,Data Scientists,detailed,650,9.5,0.4,0.37,0,0,52.6,109410,4.8,27.87,35.47,48.9,63.33,83.96,57970,73770,101700,131720,174630,0,0
739,40220,"Roanoke, VA",4,VA,0,Cross-industry,cross-industry,1235,15-2051,Data Scientists,detailed,50,13.6,0.33,0.31,0,0,39.79,82770,2.9,21.87,28.19,39.61,50.55,59.77,45500,58630,82390,105140,124330,0,0
740,40340,"Rochester, MN",4,MN,0,Cross-industry,cross-industry,1235,15-2051,Data Scientists,detailed,40,16.6,0.355,0.33,0,0,49.13,102200,4.9,27.21,40.21,52.02,54.1,67.25,56590,83630,108200,112520,139880,0,0
741,40380,"Rochester, NY",4,NY,0,Cross-industry,cross-industry,1235,15-2051,Data Scientists,detailed,550,8.4,1.134,1.05,0,0,46.04,95770,3.2,21.66,31.3,43.25,58.4,71.08,45050,65100,89950,121460,147840,0,0
742,40420,"Rockford, IL",4,IL,0,Cross-industry,cross-industry,1235,15-2051,Data Scientists,detailed,60,15.7,0.471,0.44,0,0,44.65,92870,4.1,23.29,29.23,45.94,51.21,63.52,48430,60800,95560,106520,132130,0,0
743,40900,"Sacramento--Roseville--Arden-Arcade, CA",4,CA,0,Cross-industry,cross-industry,1235,15-2051,Data Scientists,detailed,2250,6.4,2.184,2.02,0,0,50.7,105450,3.9,32.6,39.15,43.59,59.39,80.41,67810,81430,90660,123530,167250,0,0
744,41100,"St. George, UT",4,UT,0,Cross-industry,cross-industry,1235,15-2051,Data Scientists,detailed,50,11.9,0.649,0.6,0,0,39.42,82000,7.6,18.65,25.61,41.93,46.84,56.66,38800,53260,87210,97430,117850,0,0
745,41180,"St. Louis, MO-IL",4,MO,0,Cross-industry,cross-industry,1235,15-2051,Data Scientists,detailed,1880,6.1,1.433,1.33,0,0,42.24,87850,1.3,22.85,30.65,39.17,50.94,63.04,47520,63750,81460,105960,131110,0,0
746,41420,"Salem, OR",4,OR,0,Cross-industry,cross-industry,1235,15-2051,Data Scientists,detailed,80,9.9,0.452,0.42,0,0,44.22,91970,2.7,27.75,32.52,43.37,51.68,60.86,57710,67640,90220,107490,126580,0,0
747,41500,"Salinas, CA",4,CA,0,Cross-industry,cross-industry,1235,15-2051,Data Scientists,detailed,50,15.4,0.263,0.24,0,0,48.81,101530,11.1,22.98,31.13,40.65,58.79,83.29,47790,64760,84560,122270,173240,0,0
748,41620,"Salt Lake City, UT",4,UT,0,Cross-industry,cross-industry,1235,15-2051,Data Scientists,detailed,1710,10.8,2.192,2.03,0,0,43.63,90750,3.5,24.26,30.21,39.57,52.42,66.25,50460,62840,82300,109040,137800,0,0
749,41700,"San Antonio-New Braunfels, TX",4,TX,0,Cross-industry,cross-industry,1235,15-2051,Data Scientists,detailed,760,4,0.725,0.67,0,0,49.77,103520,1.5,24.88,35.31,48.04,62.08,76.96,51740,73450,99930,129120,160070,0,0
750,41740,"San Diego-Carlsbad, CA",4,CA,0,Cross-industry,cross-industry,1235,15-2051,Data Scientists,detailed,2020,8,1.358,1.26,0,0,61.09,127070,2.9,32.23,44.23,59.41,75.09,86.55,67030,91990,123570,156180,180030,0,0
751,41860,"San Francisco-Oakland-Hayward, CA",4,CA,0,Cross-industry,cross-industry,1235,15-2051,Data Scientists,detailed,8890,5.7,3.717,3.44,0,0,73.12,152080,2.4,33.65,47.43,66.19,84.41,109.95,70000,98660,137680,175580,228700,0,0
752,41940,"San Jose-Sunnyvale-Santa Clara, CA",4,CA,0,Cross-industry,cross-industry,1235,15-2051,Data Scientists,detailed,4940,2.9,4.402,4.08,0,0,112.17,233320,2.4,44.92,64.61,82.74,0,0,93430,134380,172110,0,0,0,0
753,41980,"San Juan-Carolina-Caguas, PR",4,PR,0,Cross-industry,cross-industry,1235,15-2051,Data Scientists,detailed,50,26.9,0.067,0.06,0,0,29.21,60760,7.5,19.75,26.5,26.5,32.2,38.72,41090,55120,55120,66980,80550,0,0
754,42020,"San Luis Obispo-Paso Robles-Arroyo Grande, CA",4,CA,0,Cross-industry,cross-industry,1235,15-2051,Data Scientists,detailed,80,8,0.65,0.6,0,0,52.11,108380,5.9,27.14,30.21,42.28,67.96,79.42,56460,62830,87940,141360,165190,0,0
755,42100,"Santa Cruz-Watsonville, CA",4,CA,0,Cross-industry,cross-industry,1235,15-2051,Data Scientists,detailed,80,7.7,0.854,0.79,0,0,55.07,114540,3.2,29.2,39.21,50.32,66.08,92.65,60740,81550,104660,137440,192710,0,0
756,42200,"Santa Maria-Santa Barbara, CA",4,CA,0,Cross-industry,cross-industry,1235,15-2051,Data Scientists,detailed,190,4.2,0.941,0.87,0,0,61.96,128880,6.2,28.79,37.72,53.87,74.97,91.43,59890,78460,112050,155950,190170,0,0
757,42220,"Santa Rosa, CA",4,CA,0,Cross-industry,cross-industry,1235,15-2051,Data Scientists,detailed,110,20,0.523,0.48,0,0,58.32,121310,6.6,30.28,40.65,58.92,72.36,96.03,62980,84550,122560,150500,199730,0,0
758,42340,"Savannah, GA",4,GA,0,Cross-industry,cross-industry,1235,15-2051,Data Scientists,detailed,110,4.8,0.599,0.55,0,0,38.9,80920,2.6,23.01,29.21,36.33,46.89,59.51,47860,60750,75560,97520,123780,0,0
759,42540,"Scranton--Wilkes-Barre--Hazleton, PA",4,PA,0,Cross-industry,cross-industry,1235,15-2051,Data Scientists,detailed,100,11.6,0.403,0.37,0,0,37.95,78940,4.2,21.18,28.14,37.03,48.44,58.06,44050,58520,77020,100760,120760,0,0
760,42660,"Seattle-Tacoma-Bellevue, WA",4,WA,0,Cross-industry,cross-industry,1235,15-2051,Data Scientists,detailed,3610,9.5,1.774,1.64,0,0,68.66,142810,5.1,31.88,47.72,67.58,83.96,100.18,66300,99250,140560,174640,208380,0,0
761,43100,"Sheboygan, WI",4,WI,0,Cross-industry,cross-industry,1235,15-2051,Data Scientists,detailed,30,17.8,0.527,0.49,0,0,43.21,89880,1.9,29.47,29.94,41.55,60.48,63.75,61290,62270,86420,125790,132590,0,0
762,43420,"Sierra Vista-Douglas, AZ",4,AZ,0,Cross-industry,cross-industry,1235,15-2051,Data Scientists,detailed,0,0,0,0,0,0,44.33,92210,11.3,28.36,39.27,45.52,49.49,53.47,58990,81690,94690,102940,111220,0,0
763,43620,"Sioux Falls, SD",4,SD,0,Cross-industry,cross-industry,1235,15-2051,Data Scientists,detailed,80,14.4,0.509,0.47,0,0,49.23,102400,4,34.03,41.02,52.07,57.63,62.44,70780,85330,108310,119870,129870,0,0
764,43780,"South Bend-Mishawaka, IN-MI",4,IN,0,Cross-industry,cross-industry,1235,15-2051,Data Scientists,detailed,130,5.7,0.993,0.92,0,0,37,76950,3.4,21.38,27.79,35.71,46.85,51.99,44460,57800,74270,97450,108130,0,0
765,43900,"Spartanburg, SC",4,SC,0,Cross-industry,cross-industry,1235,15-2051,Data Scientists,detailed,60,16.8,0.388,0.36,0,0,44.18,91890,3.8,30.68,35.31,41.34,50.94,60.31,63820,73430,85980,105960,125440,0,0
766,44060,"Spokane-Spokane Valley, WA",4,WA,0,Cross-industry,cross-industry,1235,15-2051,Data Scientists,detailed,100,13.3,0.397,0.37,0,0,63.52,132120,8.3,35.58,43.36,61.76,76.59,98.45,74000,90200,128450,159300,204780,0,0
767,44100,"Springfield, IL",4,IL,0,Cross-industry,cross-industry,1235,15-2051,Data Scientists,detailed,40,8,0.364,0.34,0,0,44.31,92160,2.3,27.93,32.68,42.27,49.73,63.03,58100,67970,87920,103440,131100,0,0
768,44180,"Springfield, MO",4,MO,0,Cross-industry,cross-industry,1235,15-2051,Data Scientists,detailed,190,10.5,0.913,0.85,0,0,33.85,70410,1.5,19.73,24.46,31.64,40.23,48.43,41040,50870,65810,83680,100740,0,0
769,44700,"Stockton-Lodi, CA",4,CA,0,Cross-industry,cross-industry,1235,15-2051,Data Scientists,detailed,90,12,0.33,0.31,0,0,56.13,116760,4.3,29.22,36.35,52.72,77.8,89.76,60790,75610,109650,161820,186690,0,0
770,45060,"Syracuse, NY",4,NY,0,Cross-industry,cross-industry,1235,15-2051,Data Scientists,detailed,260,7.7,0.911,0.84,0,0,44.32,92180,2.6,19.9,29.88,39.49,56.1,73.97,41390,62150,82130,116690,153860,0,0
771,45220,"Tallahassee, FL",4,FL,0,Cross-industry,cross-industry,1235,15-2051,Data Scientists,detailed,120,9.7,0.688,0.64,0,0,37.67,78350,3.8,21.48,21.67,29.46,48.09,64.11,44670,45070,61280,100030,133350,0,0
772,45300,"Tampa-St. Petersburg-Clearwater, FL",4,FL,0,Cross-industry,cross-industry,1235,15-2051,Data Scientists,detailed,1450,5.5,1.059,0.98,0,0,47.77,99360,3,25.87,33.74,46.78,56.14,68.5,53810,70170,97300,116780,142480,0,0
773,45460,"Terre Haute, IN",4,IN,0,Cross-industry,cross-industry,1235,15-2051,Data Scientists,detailed,50,6.8,0.754,0.7,0,0,34.84,72470,1.8,23.68,28.5,33.6,41.72,42.57,49240,59290,69890,86780,88550,0,0
774,45780,"Toledo, OH",4,OH,0,Cross-industry,cross-industry,1235,15-2051,Data Scientists,detailed,120,46.8,0.434,0.4,0,0,33.07,68780,6.5,17.62,17.62,31.22,45.02,55.04,36650,36650,64950,93640,114480,0,0
775,45940,"Trenton, NJ",4,NJ,0,Cross-industry,cross-industry,1235,15-2051,Data Scientists,detailed,330,4.6,1.401,1.3,0,0,64.75,134670,1.8,37.73,46.46,63.3,79.26,96.96,78480,96640,131660,164860,201680,0,0
776,46060,"Tucson, AZ",4,AZ,0,Cross-industry,cross-industry,1235,15-2051,Data Scientists,detailed,260,13.3,0.691,0.64,0,0,48.19,100230,5.8,25.81,33.08,46.61,59.6,76.81,53690,68800,96950,123960,159760,0,0
777,46140,"Tulsa, OK",4,OK,0,Cross-industry,cross-industry,1235,15-2051,Data Scientists,detailed,420,14.7,0.978,0.91,0,0,44.9,93380,2.9,28.34,33.97,40.36,53.95,68.39,58950,70660,83940,112210,142260,0,0
778,46340,"Tyler, TX",4,TX,0,Cross-industry,cross-industry,1235,15-2051,Data Scientists,detailed,40,16.7,0.412,0.38,0,0,37.09,77150,3.9,20.5,27.29,35.34,47.8,49.24,42640,56760,73510,99430,102410,0,0
779,46520,"Urban Honolulu, HI",4,HI,0,Cross-industry,cross-industry,1235,15-2051,Data Scientists,detailed,90,17.8,0.209,0.19,0,0,49.65,103260,6.3,19.64,30.28,54.01,59.48,76.04,40860,62990,112330,123720,158170,0,0
780,46540,"Utica-Rome, NY",4,NY,0,Cross-industry,cross-industry,1235,15-2051,Data Scientists,detailed,70,16.5,0.626,0.58,0,0,44.64,92860,4.6,20.08,28.46,39.71,51.58,72.74,41760,59200,82610,107290,151300,0,0
781,46700,"Vallejo-Fairfield, CA",4,CA,0,Cross-industry,cross-industry,1235,15-2051,Data Scientists,detailed,70,13,0.537,0.5,0,0,57.53,119660,5.8,28.55,37.59,45.92,67.18,95.93,59370,78190,95520,139720,199540,0,0
782,47260,"Virginia Beach-Norfolk-Newport News, VA-NC",4,VA,0,Cross-industry,cross-industry,1235,15-2051,Data Scientists,detailed,450,31.1,0.616,0.57,0,0,48.68,101260,5.3,28.58,35.05,47.92,63.57,70.52,59440,72890,99670,132220,146680,0,0
783,47300,"Visalia-Porterville, CA",4,CA,0,Cross-industry,cross-industry,1235,15-2051,Data Scientists,detailed,40,20.6,0.221,0.2,0,0,45.76,95180,9.1,23.33,30.48,39.01,58.2,77.52,48530,63400,81140,121050,161250,0,0
784,47380,"Waco, TX",4,TX,0,Cross-industry,cross-industry,1235,15-2051,Data Scientists,detailed,80,13.7,0.635,0.59,0,0,37.44,77860,5.1,16.27,22.69,32.98,53.04,57.2,33850,47200,68600,110320,118970,0,0
785,47580,"Warner Robins, GA",4,GA,0,Cross-industry,cross-industry,1235,15-2051,Data Scientists,detailed,90,18.8,1.148,1.06,0,0,43.98,91480,5.4,25.16,36.07,40.17,48.89,68.86,52320,75030,83550,101700,143240,0,0
786,47900,"Washington-Arlington-Alexandria, DC-VA-MD-WV",4,DC,0,Cross-industry,cross-industry,1235,15-2051,Data Scientists,detailed,6720,7.6,2.22,2.06,0,0,60.65,126160,3,34.59,46.02,59.89,79.1,86.72,71940,95730,124570,164530,180380,0,0
787,47940,"Waterloo-Cedar Falls, IA",4,IA,0,Cross-industry,cross-industry,1235,15-2051,Data Scientists,detailed,90,5,1.068,0.99,0,0,41.78,86900,3.5,23.09,29.12,37.95,51.01,63.06,48020,60580,78930,106090,131160,0,0
788,48140,"Wausau, WI",4,WI,0,Cross-industry,cross-industry,1235,15-2051,Data Scientists,detailed,50,8.6,0.712,0.66,0,0,50.03,104060,1.2,38.29,43.91,47.58,61.29,62.81,79630,91320,98960,127490,130640,0,0
789,48900,"Wilmington, NC",4,NC,0,Cross-industry,cross-industry,1235,15-2051,Data Scientists,detailed,100,11,0.766,0.71,0,0,53.89,112100,2,30.68,41.51,57.29,60.96,70.23,63820,86340,119160,126800,146070,0,0
790,49180,"Winston-Salem, NC",4,NC,0,Cross-industry,cross-industry,1235,15-2051,Data Scientists,detailed,210,5.6,0.796,0.74,0,0,51.89,107930,1.4,30.06,40.31,49.81,62.49,70.48,62520,83830,103600,129980,146590,0,0
791,49620,"York-Hanover, PA",4,PA,0,Cross-industry,cross-industry,1235,15-2051,Data Scientists,detailed,80,7.8,0.475,0.44,0,0,38.63,80340,3.1,22.41,29.66,37.1,47.61,59.14,46600,61690,77170,99020,123010,0,0
792,49660,"Youngstown-Warren-Boardman, OH-PA",4,OH,0,Cross-industry,cross-industry,1235,15-2051,Data Scientists,detailed,30,18.6,0.166,0.15,0,0,38.93,80960,7.3,23.34,28.19,40.99,46.25,55.72,48540,58640,85270,96200,115890,0,0
793,70750,"Bangor, ME",4,ME,0,Cross-industry,cross-industry,1235,15-2051,Data Scientists,detailed,40,10.4,0.608,0.56,0,0,43.62,90720,10,30.66,32.92,40,51.62,63.77,63770,68470,83210,107370,132630,0,0
794,71650,"Boston-Cambridge-Nashua, MA-NH",4,MA,0,Cross-industry,cross-industry,1235,15-2051,Data Scientists,detailed,0,0,0,0,0,0,58.28,121230,4.6,35.41,39.96,51.28,66.83,84.95,73650,83120,106670,139000,176700,0,0
795,71950,"Bridgeport-Stamford-Norwalk, CT",4,CT,0,Cross-industry,cross-industry,1235,15-2051,Data Scientists,detailed,270,8.8,0.679,0.63,0,0,55.41,115240,3,32.66,40.12,50.82,65.16,79.9,67930,83450,105700,135530,166190,0,0
796,72400,"Burlington-South Burlington, VT",4,VT,0,Cross-industry,cross-industry,1235,15-2051,Data Scientists,detailed,80,48.8,0.692,0.64,0,0,0,0,0,0,0,0,0,0,0,0,0,0,0,0,0
797,73050,"Dover-Durham, NH-ME",4,NH,0,Cross-industry,cross-industry,1235,15-2051,Data Scientists,detailed,50,19.5,1.002,0.93,0,0,39.66,82490,9.7,19.47,24.88,34.68,48.29,65.62,40490,51750,72130,100450,136480,0,0
798,73450,"Hartford-West Hartford-East Hartford, CT",4,CT,0,Cross-industry,cross-industry,1235,15-2051,Data Scientists,detailed,430,3.7,0.776,0.72,0,0,51.8,107740,0.9,19.17,30.77,51.59,62.76,80.66,39880,64010,107310,130530,167760,0,0
799,74650,"Lewiston-Auburn, ME",4,ME,0,Cross-industry,cross-industry,1235,15-2051,Data Scientists,detailed,40,25.8,0.744,0.69,0,0,38.74,80570,4.5,28.95,30.9,35.72,44.82,57.06,60220,64270,74300,93230,118690,0,0
800,74950,"Manchester, NH",4,NH,0,Cross-industry,cross-industry,1235,15-2051,Data Scientists,detailed,120,12.4,1.111,1.03,0,0,46.49,96700,5,25.03,29.57,49.52,60.31,75.86,52050,61500,103000,125450,157790,0,0
801,75700,"New Haven, CT",4,CT,0,Cross-industry,cross-industry,1235,15-2051,Data Scientists,detailed,150,14.8,0.538,0.5,0,0,50.56,105150,6.5,31.03,33.47,47.88,62.93,91.61,64550,69620,99590,130900,190550,0,0
802,76750,"Portland-South Portland, ME",4,ME,0,Cross-industry,cross-industry,1235,15-2051,Data Scientists,detailed,410,8.3,2.011,1.86,0,0,48.79,101470,3.8,31.44,37.82,44.5,63.74,66.8,65390,78670,92560,132580,138940,0,0
803,76900,"Portsmouth, NH-ME",4,NH,0,Cross-industry,cross-industry,1235,15-2051,Data Scientists,detailed,100,19.8,1.103,1.02,0,0,41.17,85620,6.3,24.34,29.62,38.84,50.63,66.49,50630,61610,80790,105310,138300,0,0
804,77200,"Providence-Warwick, RI-MA",4,RI,0,Cross-industry,cross-industry,1235,15-2051,Data Scientists,detailed,610,8,1.094,1.01,0,0,55.95,116370,2,37.84,41.56,52.52,64.16,80.91,78700,86440,109240,133460,168290,0,0
805,78100,"Springfield, MA-CT",4,MA,0,Cross-industry,cross-industry,1235,15-2051,Data Scientists,detailed,0,0,0,0,0,0,43.92,91360,5.2,24.15,32.36,42.18,52.33,63.5,50230,67300,87730,108840,132070,0,0
806,79600,"Worcester, MA-CT",4,MA,0,Cross-industry,cross-industry,1235,15-2051,Data Scientists,detailed,0,0,0,0,0,0,47.63,99080,2,29.52,36.11,44.58,56.66,66.87,61400,75100,92730,117850,139090,0,0
807,200006,Alaska nonmetropolitan area,6,AK,0,Cross-industry,cross-industry,1235,15-2051,Data Scientists,detailed,50,18.1,0.481,0.45,0,0,49.9,103790,7.3,31.99,35.93,47.99,62.91,77.41,66530,74740,99830,130860,161010,0,0
808,400001,Arizona nonmetropolitan area,6,AZ,0,Cross-industry,cross-industry,1235,15-2051,Data Scientists,detailed,50,11.8,0.549,0.51,0,0,40.07,83350,3.8,19.96,28.23,37.93,47.47,66.1,41520,58710,78890,98740,137490,0,0
809,600007,North Valley-Northern Mountains Region of California nonmetropolitan area,6,CA,0,Cross-industry,cross-industry,1235,15-2051,Data Scientists,detailed,30,22.4,0.329,0.31,0,0,44.7,92970,5.8,28.39,28.86,32.13,46.66,91.23,59040,60040,66830,97050,189750,0,0
810,800003,Northwest Colorado nonmetropolitan area,6,CO,0,Cross-industry,cross-industry,1235,15-2051,Data Scientists,detailed,40,17.1,0.306,0.28,0,0,38.83,80760,11.8,25.07,25.45,36.31,45.72,56.92,52140,52930,75530,95110,118400,0,0
811,1200003,South Florida nonmetropolitan area,6,FL,0,Cross-industry,cross-industry,1235,15-2051,Data Scientists,detailed,40,18.1,0.508,0.47,0,0,50.06,104130,19,29.37,33.35,47.64,61.25,77.69,61080,69370,99080,127390,161600,0,0
812,1300001,North Georgia nonmetropolitan area,6,GA,0,Cross-industry,cross-industry,1235,15-2051,Data Scientists,detailed,40,34.7,0.216,0.2,0,0,38.69,80480,8.5,25.01,28.84,36.21,47.11,50.96,52020,59990,75310,98000,106000,0,0
813,1300004,South Georgia nonmetropolitan area,6,GA,0,Cross-industry,cross-industry,1235,15-2051,Data Scientists,detailed,40,13,0.194,0.18,0,0,36.27,75450,5.8,18.98,22.08,31.39,47.07,65.03,39480,45930,65280,97910,135260,0,0
814,1700002,West Central Illinois nonmetropolitan area,6,IL,0,Cross-industry,cross-industry,1235,15-2051,Data Scientists,detailed,40,14,0.23,0.21,0,0,40.75,84760,6.5,23.68,28.07,30.99,61.4,61.4,49250,58390,64460,127710,127720,0,0
815,1800001,Northern Indiana nonmetropolitan area,6,IN,0,Cross-industry,cross-industry,1235,15-2051,Data Scientists,detailed,40,26.4,0.211,0.2,0,0,36.17,75240,2.8,21.14,24.89,31.04,46.43,57.8,43960,51760,64570,96570,120220,0,0
816,1800002,Central Indiana nonmetropolitan area,6,IN,0,Cross-industry,cross-industry,1235,15-2051,Data Scientists,detailed,60,11.5,0.377,0.35,0,0,32.47,67540,6,21.14,24.43,29.6,39.32,48.53,43970,50810,61570,81790,100940,0,0
817,1800003,Southern Indiana nonmetropolitan area,6,IN,0,Cross-industry,cross-industry,1235,15-2051,Data Scientists,detailed,50,7.1,0.249,0.23,0,0,32.02,66600,9.9,19.16,23.47,29.18,38.19,48.9,39840,48820,60700,79420,101720,0,0
818,1900004,Southeast Iowa nonmetropolitan area,6,IA,0,Cross-industry,cross-industry,1235,15-2051,Data Scientists,detailed,110,5.9,0.501,0.46,0,0,37.31,77600,3.8,19.73,22.59,36.09,46.51,52.98,41030,46990,75060,96740,110200,0,0
819,2100001,West Kentucky nonmetropolitan area,6,KY,0,Cross-industry,cross-industry,1235,15-2051,Data Scientists,detailed,40,20.9,0.252,0.23,0,0,41.49,86300,4.4,21.16,30.16,40.21,45.98,65.46,44020,62740,83630,95640,136160,0,0
820,2100002,South Central Kentucky nonmetropolitan area,6,KY,0,Cross-industry,cross-industry,1235,15-2051,Data Scientists,detailed,90,6.9,0.574,0.53,0,0,27.83,57880,5.6,12.72,16.44,21.39,40.92,52.15,26470,34200,44490,85110,108480,0,0
821,2100003,Central Kentucky nonmetropolitan area,6,KY,0,Cross-industry,cross-industry,1235,15-2051,Data Scientists,detailed,90,17.9,0.476,0.44,0,0,39.69,82550,2.7,23.56,31.33,41.49,45.71,57.9,49010,65170,86310,95070,120420,0,0
822,2300001,Northeast Maine nonmetropolitan area,6,ME,0,Cross-industry,cross-industry,1235,15-2051,Data Scientists,detailed,30,13.3,0.462,0.43,0,0,41.05,85380,7.5,25.75,28.42,37.81,52.17,64.9,53560,59110,78650,108510,134990,0,0
823,2300002,Southwest Maine nonmetropolitan area,6,ME,0,Cross-industry,cross-industry,1235,15-2051,Data Scientists,detailed,160,9.4,0.832,0.77,0,0,47.86,99550,9.2,28.16,34.91,48.17,63.07,63.07,58580,72610,100200,131190,131190,0,0
824,2600001,Upper Peninsula of Michigan nonmetropolitan area,6,MI,0,Cross-industry,cross-industry,1235,15-2051,Data Scientists,detailed,30,11.7,0.287,0.27,0,0,30.57,63590,7.3,20.69,21.65,24.32,33.21,47.92,43040,45030,50590,69070,99680,0,0
825,2600004,Balance of Lower Peninsula of Michigan nonmetropolitan area,6,MI,0,Cross-industry,cross-industry,1235,15-2051,Data Scientists,detailed,100,5.9,0.384,0.36,0,0,38.37,79820,3.6,21.75,25.86,34.15,45.82,61.8,45230,53800,71030,95300,128540,0,0
826,2800001,Northeast Mississippi nonmetropolitan area,6,MS,0,Cross-industry,cross-industry,1235,15-2051,Data Scientists,detailed,110,28.6,0.503,0.47,0,0,26.69,55520,7.5,14.89,14.89,20.87,29.26,46.2,30980,30980,43420,60860,96100,0,0
827,2900001,Central Missouri nonmetropolitan area,6,MO,0,Cross-industry,cross-industry,1235,15-2051,Data Scientists,detailed,40,21.2,0.28,0.26,0,0,34.91,72600,4.4,21.24,27.56,33.38,41.94,48.59,44170,57320,69430,87230,101060,0,0
828,2900002,North Missouri nonmetropolitan area,6,MO,0,Cross-industry,cross-industry,1235,15-2051,Data Scientists,detailed,30,17.2,0.329,0.3,0,0,32.83,68290,5.2,18.09,26.28,29.03,38.09,48.19,37620,54660,60390,79220,100240,0,0
829,2900004,Southwest Missouri nonmetropolitan area,6,MO,0,Cross-industry,cross-industry,1235,15-2051,Data Scientists,detailed,50,36.8,0.723,0.67,0,0,34.27,71280,4.2,21.61,29.13,29.13,37.64,47.2,44950,60600,60600,78290,98180,0,0
830,3100006,South Nebraska nonmetropolitan area,6,NE,0,Cross-industry,cross-industry,1235,15-2051,Data Scientists,detailed,40,11,0.269,0.25,0,0,38.45,79980,5.3,26.01,35.96,37.61,40.01,48.4,54090,74790,78230,83230,100670,0,0
831,3200006,Nevada nonmetropolitan area,6,NV,0,Cross-industry,cross-industry,1235,15-2051,Data Scientists,detailed,50,28,0.523,0.48,0,0,59.34,123430,16.9,27.99,38.99,62.54,81.4,94.28,58220,81100,130090,169320,196100,0,0
832,3300002,Central New Hampshire nonmetropolitan area,6,NH,0,Cross-industry,cross-industry,1235,15-2051,Data Scientists,detailed,30,15.7,0.342,0.32,0,0,49.14,102220,7.9,26.83,33.97,51.74,62.27,72.96,55800,70670,107630,129520,151760,0,0
833,3300006,West Central-Southwest New Hampshire nonmetropolitan area,6,NH,0,Cross-industry,cross-industry,1235,15-2051,Data Scientists,detailed,60,7.5,0.599,0.56,0,0,37,76960,5.7,23.75,26.92,31.81,47.37,52.05,49400,55990,66170,98530,108270,0,0
834,3600001,Capital/Northern New York nonmetropolitan area,6,NY,0,Cross-industry,cross-industry,1235,15-2051,Data Scientists,detailed,40,8.3,0.284,0.26,0,0,38.51,80100,4.7,18.45,21.8,36.15,45.75,64.34,38370,45340,75190,95160,133830,0,0
835,3600004,Southwest New York nonmetropolitan area,6,NY,0,Cross-industry,cross-industry,1235,15-2051,Data Scientists,detailed,50,18,0.304,0.28,0,0,38.52,80120,10.4,21.8,28.92,35.01,47.32,60.74,45340,60150,72810,98430,126340,0,0
836,3600006,Central East New York nonmetropolitan area,6,NY,0,Cross-industry,cross-industry,1235,15-2051,Data Scientists,detailed,80,6.6,0.518,0.48,0,0,51.77,107670,2.6,26.26,31.92,49.49,64.32,80.66,54620,66390,102930,133790,167780,0,0
837,3700001,Southeast Coastal North Carolina nonmetropolitan area,6,NC,0,Cross-industry,cross-industry,1235,15-2051,Data Scientists,detailed,70,11.3,0.305,0.28,0,0,46.28,96270,3.3,31.52,36,45.6,58.45,64.4,65560,74890,94840,121570,133940,0,0
838,3700003,Piedmont North Carolina nonmetropolitan area,6,NC,0,Cross-industry,cross-industry,1235,15-2051,Data Scientists,detailed,30,41.4,0.135,0.13,0,0,49,101920,6.2,22.13,31.4,45.6,60.65,77.88,46030,65300,94840,126160,161980,0,0
839,3700004,Mountain North Carolina nonmetropolitan area,6,NC,0,Cross-industry,cross-industry,1235,15-2051,Data Scientists,detailed,30,10.6,0.247,0.23,0,0,54.49,113340,5.6,22.13,39.52,56.05,64.93,94.1,46030,82190,116590,135050,195730,0,0
840,3900001,West Northwestern Ohio nonmetropolitan area,6,OH,0,Cross-industry,cross-industry,1235,15-2051,Data Scientists,detailed,80,10.9,0.345,0.32,0,0,43.1,89640,2,24.28,31.33,40.9,50.97,66.75,50500,65170,85070,106010,138830,0,0
841,3900002,North Northeastern Ohio nonmetropolitan area (noncontiguous),6,OH,0,Cross-industry,cross-industry,1235,15-2051,Data Scientists,detailed,70,9.1,0.213,0.2,0,0,38.79,80690,6.4,23.22,27.04,37.18,47.22,58.95,48290,56250,77340,98210,122610,0,0
842,4000001,Northeast Oklahoma nonmetropolitan area,6,OK,0,Cross-industry,cross-industry,1235,15-2051,Data Scientists,detailed,80,7.2,0.663,0.61,0,0,47.8,99420,12.3,26.85,35.72,41.47,61.27,69.13,55840,74300,86250,127440,143780,0,0
843,4000002,Northwest Oklahoma nonmetropolitan area,6,OK,0,Cross-industry,cross-industry,1235,15-2051,Data Scientists,detailed,110,13.7,1.203,1.11,0,0,33.25,69170,4,23.43,23.43,30.12,38.33,52.29,48730,48730,62640,79720,108750,0,0
844,4000003,Southwest Oklahoma nonmetropolitan area,6,OK,0,Cross-industry,cross-industry,1235,15-2051,Data Scientists,detailed,30,29.4,0.575,0.53,0,0,39.75,82690,12.5,30.86,30.86,35.52,49.34,63.72,64190,64190,73890,102630,132530,0,0
845,4000004,Southeast Oklahoma nonmetropolitan area,6,OK,0,Cross-industry,cross-industry,1235,15-2051,Data Scientists,detailed,90,13.7,0.533,0.49,0,0,38.89,80900,5.1,26.19,30.86,30.86,46.17,63.72,54470,64190,64190,96030,132530,0,0
846,4200001,Western Pennsylvania nonmetropolitan area,6,PA,0,Cross-industry,cross-industry,1235,15-2051,Data Scientists,detailed,50,13.8,0.355,0.33,0,0,30.71,63880,5,18.31,20.87,26.24,39.22,47.11,38080,43410,54570,81580,97990,0,0
847,4200002,Northern Pennsylvania nonmetropolitan area,6,PA,0,Cross-industry,cross-industry,1235,15-2051,Data Scientists,detailed,50,30.7,0.307,0.28,0,0,37.66,78320,3,23.04,27.14,34.04,44.45,62.22,47910,56460,70810,92460,129410,0,0
848,4200003,Southern Pennsylvania nonmetropolitan area,6,PA,0,Cross-industry,cross-industry,1235,15-2051,Data Scientists,detailed,30,16.9,0.175,0.16,0,0,39.53,82220,4.6,21.32,33.43,38.41,44.22,55.42,44340,69540,79880,91980,115270,0,0
849,4800004,Hill Country Region of Texas nonmetropolitan area,6,TX,0,Cross-industry,cross-industry,1235,15-2051,Data Scientists,detailed,40,31.3,0.192,0.18,0,0,42.98,89390,9.2,19.15,31.61,40.58,54.76,66.21,39830,65740,84410,113900,137730,0,0
850,4800006,Coastal Plains Region of Texas nonmetropolitan area,6,TX,0,Cross-industry,cross-industry,1235,15-2051,Data Scientists,detailed,30,24.2,0.227,0.21,0,0,59.7,124170,11.6,24.06,38.98,45.94,89.24,99.73,50050,81070,95560,185620,207440,0,0
851,4900006,Eastern Utah nonmetropolitan area,6,UT,0,Cross-industry,cross-industry,1235,15-2051,Data Scientists,detailed,110,15.3,1.316,1.22,0,0,48.07,99990,8.4,30.16,48.27,48.27,48.27,51.9,62720,100400,100400,100400,107950,0,0
852,5000001,Southern Vermont nonmetropolitan area,6,VT,0,Cross-industry,cross-industry,1235,15-2051,Data Scientists,detailed,30,33.5,0.332,0.31,0,0,0,0,0,0,0,0,0,0,0,0,0,0,0,0,0
853,5500002,Northeastern Wisconsin nonmetropolitan area,6,WI,0,Cross-industry,cross-industry,1235,15-2051,Data Scientists,detailed,100,17.9,0.542,0.5,0,0,38.63,80340,11.6,14.49,21.63,43.47,47.12,60.71,30130,45000,90410,98020,126270,0,0
854,5500003,South Central Wisconsin nonmetropolitan area,6,WI,0,Cross-industry,cross-industry,1235,15-2051,Data Scientists,detailed,30,21.5,0.169,0.16,0,0,42.06,87490,3.8,25.58,28.74,40.84,48.46,60.34,53200,59770,84950,100790,125500,0,0
